,text,hashtags
0,"Is there an App for #COVID19 genetic testing yet? How soon? Will we be able to give saliva sample to #SmartPhone, &amp; transmit results to #ProjectBaseline from home? https://t.co/J3nIIofyHb
&gt;https://t.co/GiQO23g7Cz &gt;https://t.co/mbMsJXUlCg
&gt;https://t.co/E54F0S11Y6 @WorldUnivAndSch? https://t.co/YjDu8aVMvK","['covid', 'smartphone']"
1,"#Chinese #smartphone maker #Vivo told GT that the firm has mandated 100% work from home for its employees starting from Monday in #India, noting that it will continue to follow local government's directive and advisory on the #COVID19 situation. https://t.co/X9Mo2oskyb","['chinese', 'smartphone', 'vivo']"
2,The latest The sarasota communities Daily! https://t.co/EyzyPGR1Y3 Thanks to @BrandyCoffey #covid19 #smartphone,"['covid', 'smartphone']"
3,"#Africa 's #Smartphone Market Posts Growth, but Uncertainty Around Global #COVID„Éº19 Outbreak Casts Shadow over Short-Term Prospects. Read at https://t.co/UShcXtDQYt @MarkWalker36 https://t.co/dlCnAgsNuU https://t.co/Q91l7LiT3K","['africa', 'smartphone', 'covid']"
4,"Died of #coronavirus, US man receives last rites over #smartphone https://t.co/HJ5TVXWabn | #technology #technews #artificialintelligence #AI #ML #RPA #covid19 #coronavirus2019india","['coronavirus', 'smartphone', 'technology', 'technews']"
5,Apple's Siri helps Americans wondering if they have COVID-19 https://t.co/rR4VMi5D7B #voiceassistant #coronavirus #smartphone #internet #cdc,"['voiceassistant', 'coronavirus', 'smartphone', 'internet', 'cdc']"
6,"Is there an App for #COVID19 genetic testing yet? How soon? Will we be able to give saliva sample to #SmartPhone, &amp; transmit results to #ProjectBaseline from home? https://t.co/R2wIuX5dOl
&gt;https://t.co/QTfH0CdG6c &gt;https://t.co/BAldS48ejy
&gt;https://t.co/ogIXJBm6ZL @WorldUnivAndSch? https://t.co/rWLH0fkX1l","['covid', 'smartphone']"
7,"Is there an App for #COVID19 genetic testing yet? How soon? Will we be able to give saliva sample to #SmartPhone, &amp; transmit results to #ProjectBaseline from home? https://t.co/JUuzJhIetw
&gt;https://t.co/M0lM6IfkQM &gt;https://t.co/VFQpDDDqIn
&gt;https://t.co/SpuwGvCarz @WorldUnivAndSch? https://t.co/5yqTxbJVfn","['covid', 'smartphone']"
8,"Besides washing our hands, do remember to #disinfect our #smartphone during this #coronavirus period. 
The #disinfectant of #ELECLEAN does not contain #alcohol so safe no damage to our phone and #health. https://t.co/oIgt9fx6KA","['disinfect', 'smartphone', 'coronavirus']"
9,BBC News - Coronavirus: #Smartphone sales collapse amid pandemic https://t.co/ObJX03kAQK   #sales #mobile #retail,"['smartphone', 'sales', 'mobile', 'retail']"
10,"The #FederalGovernment is in talks with #Facebook, #Google, and other #tech companies about using #smartphone location #data to track the #coronavirus. The main purpose is to see how the #virus spreads and whether people are practicing #socialdistancing. 
https://t.co/jHxPHjqsF4","['federalgovernment', 'facebook', 'google', 'tech', 'smartphone']"
11,The latest The Paola Social Media Daily! https://t.co/iQQE02fSvP Thanks to @Phonzieapp #coronavirus #smartphone,"['coronavirus', 'smartphone']"
12,"#ados you better start teaching ya bigmama/papa how to use a #smartphone right now!
New Coronavirus Stimulus Bill In Congress Creates U.S. Digital Dollar via @forbes https://t.co/OPmeg2IH28","['ados', 'smartphone']"
13,Coronavirus outbreak drops #smartphone industry into worst-ever plunge https://t.co/8aSfmgvJDr,['smartphone']
14,"Is there an App for #COVID19 genetic testing yet? How soon? Will we be able to give saliva sample to #SmartPhone, &amp; transmit results to #ProjectBaseline from home? https://t.co/MTdXyuG363
&gt;https://t.co/RtdqGNb9Dv &gt;https://t.co/dZUdUxcFBz
&gt;https://t.co/roTJSySPk2 @WorldUnivAndSch? https://t.co/4tWkTVjg81","['covid', 'smartphone']"
15,"OH NO!

@eyehinakhan was set to entertain fans one more time with her upcoming short film titled #SmartPhone but unfortunately the whole plan has been delayed for now due to #Coronavirus!

#HinaKhan | #Hacked | #BiggBoss | #Covid19 | @Hinaholics 

https://t.co/XyUPxEGcKk",['smartphone']
16,How to clean the bundle of germs that is your phone https://t.co/tzWVxj39Al via @APNews #covid19 #coronavirus #germs #smartphone #phone,"['covid', 'coronavirus', 'germs', 'smartphone', 'phone']"
17,Trudeau leaves door open to using #smartphone data to track compliance with #COVID19 rules #coronavirus #health #nbpoli,"['smartphone', 'covid', 'coronavirus', 'health']"
18,"#Smartphone #data reveal which #Americans are #socialdistancing (and not)
D.C. gets an ‚ÄòA‚Äô while Wyoming earns an ‚ÄòF‚Äô for following #coronavirus stay-at-home advice https://t.co/Tuwv9tQC7R","['smartphone', 'data', 'americans', 'socialdistancing']"
19,How to keep your smartphone clean during the coronavirus outbreak https://t.co/Zb8yOd2U2L via @techrepublic #smartphone #clean #coronavirus,"['smartphone', 'clean', 'coronavirus']"
20,"#AI-Powered #Smartphone App Offers #Coronavirus Risk Assessment #HealthTech #HealthIT 
#ArtificialIntelligence 
V/ @MargaretSiegien @PawlowskiMario https://t.co/unDcSzD2nV","['ai', 'smartphone', 'coronavirus', 'healthtech', 'healthit', 'artificialintelligence']"
21,"When making efforts to maintain #hygiene, why leave your smartphone behind? Cleaning your #smartphone is equally important to protect you and others. Few tips to guide you on how to sanitize your smartphone.  
Click to Connect-  https://t.co/u9g7dwH6Q7

#Coronavirus #COVID19india https://t.co/v9ASJ5533a","['hygiene', 'smartphone']"
22,"Keeping your #smartphone clean is a good idea under normal circumstances. But with the threat of the #coronavirus, also known as #COVID19, a good cleaning is essential to protect yourself and other people from potentially getting infected.  https://t.co/KPVET2Bwkr https://t.co/OGTwR5lRfn","['smartphone', 'coronavirus']"
23,"Advanced and Cheaper New Xiaomi Smartphone has 64MP Camera
#64MPCamera
#COVID19
#Note9Pro
#smartphone
https://t.co/xjWO4aWw8N","['mpcamera', 'covid', 'notepro', 'smartphone']"
24,#Future is noe! futureproofn #smartphone Kry launches free service for doctors to do video consultations during COVID-19 crisis https://t.co/4Ugg4vAAwQ,"['future', 'smartphone']"
25,"There's an massive amount of change in consumption of Media. 

#covid19 #mediamonitoring #smartphone #sociallistening #socialmedia #socialmediatrends https://t.co/qNq7j2vvgg","['covid', 'mediamonitoring', 'smartphone']"
26,COVID-19 Toolkit Page ‚Äî Unacast https://t.co/JfC8zF4l4N #g√©olocalisation #information #unacast.com #smartphone #BigData #Unacast #sant√© #GPS,"['g√©olocalisation', 'information', 'unacast', 'smartphone', 'bigdata', 'unacast', 'sant√©', 'gps']"
27,"After @Samsung and @LG, other #smartphone manufacturers including Chinese players and @Apple have also suspended the production and temporarily shut their factories to curb the spread of #coronavirus. #technology #CoronavirusOutbreak https://t.co/s3SFcSEZL7",['smartphone']
28,#China‚Äôs #smartphone brands adapt to life under #coronavirus restrictions https://t.co/tLuuiUGJmF #CoronaVtj https://t.co/Jm03xMWw1s,"['china', 'smartphone', 'coronavirus', 'coronavtj']"
29,"For headset-based #VR, the situation may be bad. But to me, the #COVID19 crisis can be a chance for #smartphone-based #VirtualReality.

https://t.co/o631TKlni6","['vr', 'covid', 'smartphone']"
30,"Ready to get creeped out? We've known that we are being tracked but...
#Smartphone data reveal which Americans are #SocialDistancing (and not). #CoronaVirus #Tech https://t.co/7x11dONaOd",['smartphone']
31,#covid19 need a starter! #Ultrasonic in #Smartphone &amp; #Bat is same technology!,"['covid', 'ultrasonic', 'smartphone', 'bat']"
32,"Trudeau leaves #door #open to using #smartphone #data to track #Canadians' compliance with #COViD19 pandemic rules https://t.co/cds3DzD3DQ

#bigdata 
#WHO #dATA
#COViD19 #Linux #COViD19USA #Covid19iNDiA #COViD19UK #CANADA #COViD19france #COViD19italy

#Italy #USA #china #iran #UK","['door', 'open', 'smartphone', 'data', 'canadians', 'covid']"
33,My solution to avoid surface infection and still allow use of a #smartphone to get in touch with colleagues and check therapies. #Covid_19 #COVID2019italia @SIU_Italia @Uroweb https://t.co/DkPlS6ErjA,['smartphone']
34,"[PUBLICATION]
On the website of @francebleu
Monday, March 16th.
https://t.co/QBkKZVMiIK
Photography at #smartphone‚Ä¶ https://t.co/CLBedMGgwg",['smartphone']
35,It's now safe to clean and disinfect your #smartphone to prevent the spread of #COVID-19.  Here's how to do it: https://t.co/R6WLiiVhN7 #coronavirus @USATODAY,"['smartphone', 'covid']"
36,The #Smartphone market is falling dramatically due to #Coronavirus ‚Äì https://t.co/vhGHDcDikf ‚Äì #Amndroid https://t.co/khRVl2U4P4,"['smartphone', 'coronavirus', 'amndroid']"
37,"#CoronaVirus causing #COVID19 may survive on some surfaces for up to 9 days, studies show. So #smartphone hygiene matters even more now!  Any bacteria, virus or other germs in your phone/case could easily transfer to your skin. This is how to clean phones 
https://t.co/rDfk2cLTsC","['coronavirus', 'covid', 'smartphone']"
38,"""The U.S. Wants #Smartphone Location #Data to Fight #Coronavirus. #Privacy Advocates Are Worried.""

The U.S. government is requesting greater access to the smartphone location data of Americans from tech giants like Google and Facebook. üò¨

https://t.co/xRt0888PVH via @NBCNews https://t.co/rBcfX75VSE","['smartphone', 'data', 'coronavirus', 'privacy']"
39,"Design Framework for predicting #COVID19  using your #smartphone. 
#coronavirus #algorithm #machinelearning https://t.co/8vBXm2Qorz","['covid', 'smartphone', 'coronavirus', 'algorithm', 'machinelearning']"
40,"911 butt dials &amp; unknown caller hangups are 1/3 or more of all #smartphone &amp; #wearable #Emergency calls answered. 

PSAPS need more time to spend on real #Emergency rescue situations &amp; for asking the #coronavirus questions. 

Save time, more victims &amp; $1 billion a year #Americaüëçüèº","['smartphone', 'wearable', 'emergency']"
41,Coronavirus privacy : Are South Korea's alerts too revealing ? - BBC News https://t.co/G85pfjPagQ #g√©olocalisation #surveillance #smartphone,"['g√©olocalisation', 'surveillance', 'smartphone']"
42,[üî¥ NEWS] 5G Smartphones Sales In US Are Much Lower Than Excpected https://t.co/Va7YYLbTdi #5G #Smartphone #TheNPDGroup #UnitedStates #Samsung #Coronavirus #LG #LGCorporation #China #SamsungGalaxyNote #MarketShare #ATT #TMobile #VerizonCommunications #NPD #AppleInc #IPhone,"['g', 'smartphone']"
43,#RT @Naijaknowhow: How to Clean a #Smartphone to Prevent #Coronavirus https://t.co/6QfmJ4jGHe,"['rt', 'smartphone', 'coronavirus']"
44,"Coronavirus Tracking App is ransomware; locks phones for ransom 

https://t.co/X6ox5PVtmG #app #mobile #smartphone #ransonware #coronavirus #hacking #cybersecurity","['app', 'mobile', 'smartphone']"
45,"Global #smartphone sales tumbled 14% y/y in Feb due to the coronavirus outbreak, according to Counterpoint.
China saw sales drop 38% y/y in Feb.
China and South Korea now show signs of recovery, but for other parts of the world, ‚Äúthe worst is yet to come""",['smartphone']
46,"""If you'd like to buy a #smartphone this month, go right ahead. But due to the lockdowns and an expected plunge in demand, don't expect to be joined by many other people,"" writes Stephen Silver. #coronavirus https://t.co/kzP2hi3SdO",['smartphone']
47,"#US government in talks with #Facebook, #Google to use #smartphone #location #data in #coronavirus #tracking https://t.co/TDKHUUCCJj","['us', 'facebook', 'google', 'smartphone', 'location', 'data', 'coronavirus', 'tracking']"
48,"#Coronavirus Reality Check: Yes, U.S. And EU Will Track Our #Smartphone Location #Data‚ÄîGet Used To It   https://t.co/8Jgu4i1kUO","['coronavirus', 'smartphone', 'data']"
49,"The U.S. wants #smartphone location data to fight #coronavirus. #Privacy advocates are worried.

https://t.co/wEK8jhxNwQ","['smartphone', 'coronavirus', 'privacy']"
50,"#Coronavirus Reality Check: Yes, U.S. And EU Will Track Our #Smartphone Location #Data‚ÄîGet Used To It  https://t.co/9sWVXvttRS","['coronavirus', 'smartphone', 'data']"
51,#Nigeria &amp; #Ghana #Smartphone Markets in Good Shape in 2019 but COVID-19 Casts a Dark Shadow in West Africa. https://t.co/zAZBSkSf4w @ramazanhilmi https://t.co/dlCnAgsNuU https://t.co/ZwVF37dPEy,"['nigeria', 'ghana', 'smartphone']"
52,"How to keep your #Smartphone #Coronavirus-free  https://t.co/qcOTcjerPt  Source: @kaspersky 
#Cybersecurity #Technology","['smartphone', 'coronavirus', 'cybersecurity', 'technology']"
53,"The offer will last till the Lockdown is over.

#TechGalena #TechNews #Smartphone #Tech #India #Technology #Internet #jio #jiofiber #broadband #COVID19 #coronavirus #CoronaVirusUpdate #CoronavirusOutbreak #stayhomestaysafe #quarantine #COVID19india https://t.co/S8qc8lRrKr","['techgalena', 'technews', 'smartphone', 'tech', 'india', 'technology']"
54,"Global smartphone shipments drop 38% in february
#smartphone #coronavirus #covid19
https://t.co/PbgC2m6PLL","['smartphone', 'coronavirus', 'covid']"
55,"#Coronavirus Reality Check: Yes, U.S. And EU Will Track Our #Smartphone Location Data‚ÄîGet Used To It  #tracking #data #privacy #trends https://t.co/A0PiuN2hSi","['coronavirus', 'smartphone', 'tracking']"
56,Check out the following guidelines for disinfecting your #smartphone in our blog article here &gt; https://t.co/YqhU02TBCe  #mhealth #healthIT #COVID19 #Coronavirus #DiseaseResistance https://t.co/afjnV1mgCU,['smartphone']
57,Why the #coronavirus #outbreak may hasten the demise of the #smartphone as we know it https://t.co/WpfzcDavoa #TechJunkieInvest #CoronaVtj https://t.co/fwy2j9FwsW,"['coronavirus', 'outbreak', 'smartphone']"
58,Global smartphone sales fell 14% in February due to coronavirus - https://t.co/Agr2HVx5fl #global #smartphone,"['global', 'smartphone']"
59,"#Facebook, #Google discuss sharing #smartphone #data with #government to fight #coronavirus, but there are risks. #dataprotection #dataprivacy #personaldata #ePrivacy #locationdata https://t.co/e5d0f3y3WO","['facebook', 'google', 'smartphone', 'data', 'government', 'coronavirus']"
60,"#recession ... #China #Contagion edition

$AAPL #Smartphone","['recession', 'china', 'contagion', 'smartphone']"
61,"Smartphone sales recovery in China
#Smartphone #sales #recovery #China #XiaomiCorp #Xiaomi #ShouZiChew #Huawei #UnitedStates #COVID19 #CoronaVirusUpdates #CoronaVirusOutbreak #CoronaVirus #COVID_19 
https://t.co/VQu7IQ7Brc","['smartphone', 'sales', 'recovery', 'china', 'xiaomicorp', 'xiaomi', 'shouzichew', 'huawei']"
62,How is Coronavirus Changing TV Pilot and Staffing Season? #film #media #smartphone #scotland https://t.co/miI43Rm1pe,"['film', 'media', 'smartphone', 'scotland']"
63,#Future is noe! futureproofn #smartphone Uber Eats beefs up its grocery delivery offer as COVID-19 lockdowns continue https://t.co/c90JPMx3NV,"['future', 'smartphone']"
64,"#Indian #smartphone industry may take USD 2 bn hit from #COVID19 Counterpoint Research

https://t.co/jg5uj847VS","['indian', 'smartphone', 'covid']"
65,"The @SaudiMOH has introduced a self-assessment feature on its #Mawid #smartphone #app amid the global outbreak of #coronavirus disease (#COVID19), offering a consultation window for the public.

https://t.co/V1RlN4wdsT https://t.co/49r83gspRh","['mawid', 'smartphone', 'app']"
66,"@Livnao, one of our #Batch9 startups based in #Vancouver, has #smartphone contact tracing technology to help track and control the spread of #COVID19. 

Read more about their work in #Canada here: https://t.co/UBUgZUPW1M","['batch', 'vancouver', 'smartphone']"
67,"How long can #Coronavirus stay on a smartphone? Well, here's what the study of @WHO says.

#Smartphone #CoronavirusPandemic #CoronavirusOutbreak 
https://t.co/mKJG6FmBfX","['coronavirus', 'smartphone']"
68,"If you're seeking #simplicity, #craving a dose of #nostalgia, or just want a break from your #smartphone, these are the best #flip_phones you can buy today!
#Straight_Talk #COVID19 
https://t.co/RgAXmY7KzU","['simplicity', 'craving', 'nostalgia', 'smartphone']"
69,"How well are we #socialdistancing? #Smartphone location data can rank the states

#CyberSpaceWar @Unacast https://t.co/ivxwcOkpzi","['socialdistancing', 'smartphone', 'cyberspacewar']"
70,"How Long Can Coronavirus Live on a #Smartphone? New Study Answers. @CommunityBandra @mybmc @AUThackeray @MNCDFbombay @BandraDataHub @Lokhandwala_Bom @Together_VCAN @CommunityThane @KharSePyar @MoHFW_INDIA @MumbaiPolice #COVID19
https://t.co/RgKVd6ybxT

Shared via @Gadgets360 app",['smartphone']
71,"How Long Can Coronavirus Live on a #Smartphone? New Study Answers @ASBIndia
https://t.co/qYCqa9DIxk

Shared via @Gadgets360 app",['smartphone']
72,FLIKKER OP! #SocialCrediting #SocialControl without #smartphone acces denied !!!,"['socialcrediting', 'socialcontrol', 'smartphone']"
73,@Unacast is monitoring #smartphone #data and grading #American counties on a #SocialDistancing Scoreboard‚Äù as authorities across #UnitedStates urge residents to socially isolate and slow the spread of the #coronavirus: https://t.co/f6mQQxXs5T #innovation #COVID19outbreak #COVID19,"['smartphone', 'data', 'american', 'socialdistancing']"
74,[üî¥ NEWS] Xiaomi says China sales are close to a full recovery https://t.co/zDTLJ7rVp1 #Xiaomi #China #Smartphone #Renminbi #Coronavirus #Pandemic #CFO #ChiefFinancialOfficer #Mirror #Huawei #RockMusic #India #Europe,"['xiaomi', 'china', 'smartphone']"
75,Vioguard ¬∑ UV-C Tech to Combat the Spread of Infectious Disease. #iPhone #ipad #COVID19 #smartphone @DanielMiessler @leolaporte @SGgrc @9to5mac @joshtpm @taosecurity @CharlesPPierce  @TPCHD @dick_nixon @KatyTurNBC @BulwarkOnline @maryjofoley @Ihnatko https://t.co/EGZNPnz5sr,"['iphone', 'ipad', 'covid', 'smartphone']"
76,#DigitalSurveillance and #smartphone technology may prove helpful in containing the #coronavirus #pandemic -- but some activists fear this could mean lasting harm to #privacy and #digital #rights. https://t.co/MFPNlX8T0g @dynamicCISO,"['digitalsurveillance', 'smartphone', 'coronavirus', 'pandemic']"
77,"New by me @Forbes: #Coronavirus Reality Check: Yes, U.S. And EU Will #Track Our #Smartphone #Location Data‚ÄîGet Used To It https://t.co/rTvbZxhz8V","['coronavirus', 'track', 'smartphone', 'location']"
78,"[Coronavirus] #MassTracking of people's #smartphone data on movements and location is one such worry of #digitalrights defenders.
https://t.co/gJWNrJ4Nkf","['masstracking', 'smartphone']"
79,How the Virus Got Out - The New York Times https://t.co/GYsay0ImC6 #g√©olocalisation #m√©tadonn√©es #nytimes.com #smartphone #analyse #BigData,"['g√©olocalisation', 'm√©tadonn√©es', 'nytimes', 'smartphone', 'analyse', 'bigdata']"
80,The latest The Dog Star Comics Daily! https://t.co/HsQRlCZEdw #coronavirus #smartphone,"['coronavirus', 'smartphone']"
81,#AI-Powered #Smartphone #App developed by @MCG_AUG Offers #Coronavirus Risk Assessment  https://t.co/tTjVRiKRfa,"['ai', 'smartphone', 'app', 'coronavirus']"
82,"üåé #Coronavirus to slash global #smartphone shipments by 10% - Nikkei
https://t.co/e3AMbAg3dQ","['coronavirus', 'smartphone']"
83,"The non-#CoronaVirus news that open my Eyes and Jaws WIDE just now is...

#Samsung is making 1-inch #smartphone #camera sensor... That will be all good kind of S.I.C.K.

1-inch sensor and 150megapixels. Other known OEMs are requesting it and we may those by end of year.","['coronavirus', 'samsung', 'smartphone']"
84,@Samsung says #5G won't save #smartphone market this year. https://t.co/VT1dl69Jqc,"['g', 'smartphone']"
85,"Verizon gives customers extra mobile data, drops broadband data caps https://t.co/fMkcnwQlSo #coronavirus #smartphone #broadband #internet","['coronavirus', 'smartphone', 'broadband', 'internet']"
86,The latest Smartphone News! https://t.co/r6rchA6XKo Thanks to @FxBookLTTG @AleXDT98 @toral_olivo #smartphone #covid19,"['smartphone', 'covid']"
87,Top 5 #Smartphone Brands by unite share in #Nigeria &amp; #Ghana #WestAfrica #Tecno @SamsungMobile @Huawei  #Infinix . https://t.co/zAZBSkSf4w @ramazanhilmi https://t.co/dlCnAgsNuU #IDCTrackers https://t.co/7APjVVc194,"['smartphone', 'nigeria', 'ghana', 'westafrica', 'tecno', 'infinix']"
88,"@firstladyship Here is great #smartphone device #samsung 
https://t.co/bYiKEGcqSP #Mbuhari #pmb #CoronaUpdate #WhenCoronaVirusIsOver #dontrushchallenge #COVID19 #StayAtHomeAndStaySafe #SundayMotivation #UltimateLoveFinale #DoubleChris #CoronaLessons #lockdown #norushchallenge","['smartphone', 'samsung', 'mbuhari', 'pmb', 'coronaupdate']"
89,"@Malcom__A Here is great #smartphone device #samsung 
https://t.co/bYiKEGcqSP #Mbuhari #pmb #CoronaUpdate #WhenCoronaVirusIsOver #dontrushchallenge #COVID19 #StayAtHomeAndStaySafe #SundayMotivation #UltimateLoveFinale #DoubleChris #CoronaLessons #lockdown #norushchallenge","['smartphone', 'samsung', 'mbuhari', 'pmb', 'coronaupdate']"
90,"@davidadebanjo_ Here is great #smartphone device #samsung 
https://t.co/bYiKEGcqSP #Mbuhari #pmb #CoronaUpdate #WhenCoronaVirusIsOver #dontrushchallenge #COVID19 #StayAtHomeAndStaySafe #SundayMotivation #UltimateLoveFinale #DoubleChris #CoronaLessons #lockdown #norushchallenge","['smartphone', 'samsung', 'mbuhari', 'pmb', 'coronaupdate']"
91,"@redsteeze @IvankaTrump Here is great #smartphone device #samsung 
https://t.co/bYiKEGcqSP #Mbuhari #pmb #CoronaUpdate #WhenCoronaVirusIsOver #dontrushchallenge #COVID19 #StayAtHomeAndStaySafe #SundayMotivation #UltimateLoveFinale #DoubleChris #CoronaLessons #lockdown #norushchallenge","['smartphone', 'samsung', 'mbuhari', 'pmb']"
92,"@business Here is great #smartphone device #samsung 
https://t.co/bYiKEGcqSP #Mbuhari #pmb #CoronaUpdate #WhenCoronaVirusIsOver #dontrushchallenge #COVID19 #StayAtHomeAndStaySafe #SundayMotivation #UltimateLoveFinale #DoubleChris #CoronaLessons #lockdown #norushchallenge","['smartphone', 'samsung', 'mbuhari', 'pmb', 'coronaupdate']"
93,"@HG2films Here is great #smartphone device #samsung 
https://t.co/AqUHtaJ9tO #Mbuhari #pmb #CoronaUpdate #WhenCoronaVirusIsOver #dontrushchallenge #COVID19 #StayAtHomeAndStaySafe #SundayMotivation #UltimateLoveFinale #DoubleChris #CoronaLessons #lockdown #norushchallenge","['smartphone', 'samsung', 'mbuhari', 'pmb', 'coronaupdate']"
94,"@DONJAZZY Here is great #smartphone device #samsung 
https://t.co/AqUHtaJ9tO #Mbuhari #pmb #CoronaUpdate #WhenCoronaVirusIsOver #dontrushchallenge #COVID19 #StayAtHomeAndStaySafe #SundayMotivation #UltimateLoveFinale #DoubleChris #CoronaLessons #lockdown #norushchallenge","['smartphone', 'samsung', 'mbuhari', 'pmb', 'coronaupdate']"
95,"@OgbeniDipo Here is great #smartphone device #samsung 
https://t.co/bYiKEGcqSP #Mbuhari #pmb #CoronaUpdate #WhenCoronaVirusIsOver #dontrushchallenge #COVID19 #StayAtHomeAndStaySafe #SundayMotivation #UltimateLoveFinale #DoubleChris #CoronaLessons #lockdown #norushchallenge","['smartphone', 'samsung', 'mbuhari', 'pmb', 'coronaupdate']"
96,"@AyoBankole Here is great #smartphone device #samsung 
https://t.co/AqUHtaJ9tO #Mbuhari #pmb #CoronaUpdate #WhenCoronaVirusIsOver #dontrushchallenge #COVID19 #StayAtHomeAndStaySafe #SundayMotivation #UltimateLoveFinale #DoubleChris #CoronaLessons #lockdown #norushchallenge","['smartphone', 'samsung', 'mbuhari', 'pmb', 'coronaupdate']"
97,"Is The #COVID19 Outbreak A Trojan Horse To Increase #Smartphone #Surveillance ?
https://t.co/HhjkTavwUQ","['covid', 'smartphone', 'surveillance']"
98,"@TheNationNews @MBuhari Here is great #smartphone device #samsung 
https://t.co/bYiKEGcqSP #Mbuhari #pmb #CoronaUpdate #WhenCoronaVirusIsOver #dontrushchallenge #COVID19 #StayAtHomeAndStaySafe #SundayMotivation #UltimateLoveFinale #DoubleChris #CoronaLessons #lockdown #norushchallenge","['smartphone', 'samsung', 'mbuhari', 'pmb']"
99,"@thehill Here is great #smartphone device #samsung 
https://t.co/bYiKEGcqSP #Mbuhari #pmb #CoronaUpdate #WhenCoronaVirusIsOver #dontrushchallenge #COVID19 #StayAtHomeAndStaySafe #SundayMotivation #UltimateLoveFinale #DoubleChris #CoronaLessons #lockdown #norushchallenge","['smartphone', 'samsung', 'mbuhari', 'pmb', 'coronaupdate']"
100,"@OgbeniDipo Here is great #smartphone device #samsung 
https://t.co/bYiKEGcqSP #Mbuhari #pmb #CoronaUpdate #WhenCoronaVirusIsOver #dontrushchallenge #COVID19 #StayAtHomeAndStaySafe #SundayMotivation #UltimateLoveFinale #DoubleChris #CoronaLessons #lockdown #norushchallenge","['smartphone', 'samsung', 'mbuhari', 'pmb', 'coronaupdate']"
101,"@TheNationNews @MBuhari Here is great #smartphone device #samsung 
https://t.co/bYiKEGcqSP #Mbuhari #pmb #CoronaUpdate #WhenCoronaVirusIsOver #dontrushchallenge #COVID19 #StayAtHomeAndStaySafe #SundayMotivation #UltimateLoveFinale #DoubleChris #CoronaLessons #lockdown #norushchallenge","['smartphone', 'samsung', 'mbuhari', 'pmb']"
102,"@JackPosobiec Here is great #smartphone device #samsung 
https://t.co/bYiKEGcqSP #Mbuhari #pmb #CoronaUpdate #WhenCoronaVirusIsOver #dontrushchallenge #COVID19 #StayAtHomeAndStaySafe #SundayMotivation #UltimateLoveFinale #DoubleChris #CoronaLessons #lockdown #norushchallenge","['smartphone', 'samsung', 'mbuhari', 'pmb', 'coronaupdate']"
103,"Staying #indoors for the #majority of the day comes with its own set of #challenges. Your #smartphone can help, hopefully! #quarantine #Covid19 #apps #games #minecraft #google

 https://t.co/WH1rvKFNhg via @wired","['indoors', 'majority', 'challenges', 'smartphone']"
104,"This sharing may help provide relief during the spreading coronavirus crisis; your #smartphone location. Read what @infosecdoc has to say via @USATODAY in this time of need

Coronavirus: How government access to your smartphone's location data could help https://t.co/7PP9Lvd3jg",['smartphone']
105,"#smartphone pandemic-people buried their faces into smartphones to avoid direct social interaction. 
#COVID19 pandemic-when smartphone pandemic-ans decided ‚Äúenough introversion-time to socialize, y‚Äôall‚Äù
?To Do-&gt;go back to smartphones to stop covid19 pandemic. #SocialDistanacing","['smartphone', 'covid']"
106,Clean Your Phone Now https://t.co/s2g8ZhG6rZ #smartphone #COVID19 #coronavirus # https://t.co/8fUiq6R8bK,"['smartphone', 'covid', 'coronavirus']"
107,Clean Your Phone Now https://t.co/ZBEAu59pZu #smartphone #COVID19 #coronavirus # https://t.co/fqyeuxJyMW,"['smartphone', 'covid', 'coronavirus']"
108,"Don't get lax!

We need to maintain our good cleaning habits.

You can do it!
#COVID2019 #coronavirus #smartphone #nCoV2019 https://t.co/sdBErrQ1lp","['covid', 'coronavirus', 'smartphone']"
109,Government Tracking How People Move Around in Coronavirus Pandemic https://t.co/Z8bsW30OzK #g√©olocalisation #smartphone #marketing #analyse,"['g√©olocalisation', 'smartphone', 'marketing', 'analyse']"
110,"""The U.S. Wants #Smartphone Location #Data to Fight #Coronavirus. #Privacy Advocates Are Worried.""

The U.S. government is requesting greater access to the smartphone location data of Americans from tech giants like Google and Facebook. 

https://t.co/xRt0888PVH via @NBCNews https://t.co/fsH4A1tn6W","['smartphone', 'data', 'coronavirus', 'privacy']"
111,#Google report say based on #smartphone data collection that that sexual assaults on üêë increased by 1726% during #COVID19 #coronavirus #Tyranny #plandemic ü§°‚ò£Ô∏è,"['google', 'smartphone']"
112,gm! alm hal say yes its official ive #flipped and why not I had a #smartphone that was was 2 ztup 2 warn me about #coronavirus .@steventeaster https://t.co/PKM7Ywy4rc,"['flipped', 'smartphone']"
113,"ICYMI: How your #smartphone decides where you can go and what you can do in #coronavirus-era #China.
https://t.co/2cDauNrAc4
#tech","['smartphone', 'coronavirus', 'china', 'tech']"
114,Simple advice from @BBCNews - #Coronavirus: How to #clean your #smartphone safely! https://t.co/DKLObFIwIv #Covid19,"['coronavirus', 'clean', 'smartphone', 'covid']"
115,"The '#AarogyaSetu' tracking app, will track the #coronavirus #infection by using the #smartphone's GPS system and #bluetooth and will provide information if you have been near a COVID-19 infected person or not.

Read the post to know about the new Aarogya Setu Coronavirus app. https://t.co/CIZ4lsi2bs","['aarogyasetu', 'coronavirus', 'infection', 'smartphone']"
116,"#Smartphone industry in India could take a $2 billion hit on account of #CoronavirusPandemic as shipments declined significantly in the months of March and April compared to the previous year, according to Counterpoint Research 
 
https://t.co/x5qT4rJzaw","['smartphone', 'coronaviruspandemic']"
117,"On-demand support via #Smartphone app booms during ... 
https://t.co/AY0TyHnhcx
#Australia #Australian #Business #Commonwealth #CommonwealthBank #Corporate #Covid19 #DefenceForce #Emergency #InternationalStudent #MentalHealth #MonashUniversity #Students #University https://t.co/T7Om4ASPxO","['smartphone', 'australia', 'australian', 'business']"
118,"Mobile phone #tracking should be used to stop virus... #Coronavirus #Smartphone #Gps #MobileSecurity 

https://t.co/XgXQKfbKPj","['tracking', 'coronavirus', 'smartphone', 'gps', 'mobilesecurity']"
119,#Smartphone #Location data reveals impact on people's habits in your area - #Google releases global movement trends to help in the response to the COVID-19  pandemic outbreak,"['smartphone', 'location', 'google']"
120,How to keep your #Smartphone #Coronavirus-free  https://t.co/MeSwjgECAv  Source: @kaspersky  #Cybersecurity #Technology,"['smartphone', 'coronavirus', 'cybersecurity', 'technology']"
121,European experts ready #smartphone technology to help stop #coronavirus! #COVID„Éº19 #tech #DigitalTransformation #digitalhealth #StayHome https://t.co/BkogBg7X5m,"['smartphone', 'coronavirus', 'covid', 'tech', 'digitaltransformation']"
122,"https://t.co/tIL8lt5kKo
#sunset #challenge #pierdifferentview with your #smartphone #PuertoRico üáµüá∑ #canovanas #quarantine #coronavirus https://t.co/aWVIqk3hGv","['sunset', 'challenge', 'pierdifferentview', 'smartphone', 'puertorico', 'canovanas']"
123,"TECNO India extends warranty by 2 months amid Covid-19 lockdown

https://t.co/fGrl78KU8u

#Coronavirus #Smartphone #Technology @tecnomobile https://t.co/DtVrLauF8Q","['coronavirus', 'smartphone']"
124,Bravo @Samsung #Technology #Smartphone #COVID19Pandemic Help  Samsung donates smartphones to quarantined coronavirus patients https://t.co/TGtmGgAFw5 via @CNET,"['technology', 'smartphone', 'covidpandemic']"
125,Yeah...am charging my #smartphone more often now than before #Lockdown #COVID19,"['smartphone', 'lockdown', 'covid']"
126,#Coronavirus: How to keep your #smartphone and #tablet clean https://t.co/cNtbTigL0K via @ardipulaj,"['coronavirus', 'smartphone', 'tablet']"
127,"#COVID19 #data  #contagion #mobiledata #smartphone 
Babbage ‚Äì Can mobile-phone data help curb contagion? https://t.co/8ZpKSjZg1H","['covid', 'data', 'contagion', 'mobiledata', 'smartphone']"
128,#US government officials using mobile ad #location data to study #coronavirus spread | #smartphone https://t.co/UzYzNuJS3d,"['us', 'location', 'coronavirus', 'smartphone']"
129,#Future is noe! futureproofn #smartphone Estimote launches wearables for workplace-level contact tracing for COVID-19 https://t.co/h3BI9tNUqS,"['future', 'smartphone']"
130,"Realme smartphones get costly after GST hike - Window To News https://t.co/UfAfMVrI0w

#smartphone,#GST,#COVID19","['smartphone', 'gst', 'covid']"
131,#Future is noe! futureproofn #smartphone An EU coalition of techies is backing a ‚Äòprivacy-preserving‚Äô standard for COVID-19 contacts tracing https://t.co/A1XmF7ilPE,"['future', 'smartphone']"
132,"#coronaupdate: My inspection at #RGGH, Chennai along with Senior Health Officials is over. The hospital is well equipped for #Covid19 monitoring/isolation and treatment, I inspected  the 24x7 fever clinic as well. #TNHealth #TN_Together_AgainstCorona #Vijayabaskar https://t.co/MRrMASTNXZ","['coronaupdate', 'rggh']"
133,"#COVID19
#JammuAndKashmir 
#FightagainstCorona 
#coronaupdate
Four more cases detected positive in Kasmir. 2 each from Shopian and Srinagar. All contacts of previous positive cases. Contact tracing working on ground","['covid', 'jammuandkashmir', 'fightagainstcorona', 'coronaupdate']"
134,I wish they used all this surveillance to stop people from eating bats and rats instead... #CoronaUpdate,['coronaupdate']
135,"World Health Organization to launch COVID-19 tips app for @Android, #iOS
#WHO #CoronaUpdate #COVID2019 
Source: 9TO5Google
https://t.co/zezYFU4OtR","['ios', 'who', 'coronaupdate', 'covid']"
136,"Dr #Fauci speaks on the #CoronaUpdate models, ways to #FlattenTheCurve and the assumptions that go into creating them. Remember that the models are used as guides that factor in other countries and data we have but not necessarily how things will turn out.
#Covid_19
#coronavirus https://t.co/yhf7yxvLHr","['fauci', 'coronaupdate', 'flattenthecurve']"
137,"Covid-19 AI App for Early detection From Chest X-Rays
https://t.co/VMHLHpAXRZ

#WHO #Coronavirustruth #CoronaUpdate #COVID #IndiaFightsCorona #IndiaVsCorona #India #COVID19 #COVID2019india #NewsAlert #NDTV #aajtak #zeenews #medicine #lockdown #who #CoronaUpdate https://t.co/afFhuNVlPb","['who', 'coronavirustruth', 'coronaupdate']"
138,"284/ #COVID19
Interactive map showing county data.

#Coronavirus #FlattenTheCurve
#CoronaUpdate #Quarantine #StayAtHomeAndStaySafe
https://t.co/6X2eAdeeTE","['covid', 'coronavirus', 'flattenthecurve', 'coronaupdate', 'quarantine']"
139,"#COVID19: IIT-B Creates App To Track Those Flouting Quarantine

Via. Pallavi Smart

#CoronaUpdate #Lockdown21 #CononavirusPandemic 

https://t.co/qoqtxxp0lR","['covid', 'coronaupdate', 'lockdown']"
140,"How many people have been tested in your state? 

State by State testing data

#CoronaUpdate #TestingForCovid19 https://t.co/XBPh9iA7TU via @paldhous","['coronaupdate', 'testingforcovid']"
141,"#CoronaUpdate |Considering the increase in number of people under surveillance more COVID Care Centers has been set up for the isolation of tourists and travelers who are non-residents of Kerala
#COVID19 #COVIDkerala",['coronaupdate']
142,"Everything You Need To Know About Government's New Corona Kavach App
.
.
#CoronaUpdate #ChineseVirus #COVID #covid19 #CoronavirusOutbreak #CoronaApp
#MondayMotivation
https://t.co/xA82J60uJx","['coronaupdate', 'chinesevirus', 'covid']"
143,"No #research #CoronaUpdate can be seen 100% accurate right now. At best it is a probable scenario, model, projection, &amp; wt #data limitations. Plus increasingly scientists &amp; funded research coming under scanner. take all assertions of truth as semi-lies in interest of the people.","['research', 'coronaupdate']"
144,"Restrictions Are Slowing Coronavirus Infections, New Data Suggest https://t.co/kmEz9ZWx3P via @Yahoo #CoronaUpdate #COVID19","['coronaupdate', 'covid']"
145,"Brief on COVID-19 surveillance in Nigeria #NCDCgov #COVID19 #Nigeria #CoronaUpdate #WHO #CDC #staysafenigeria #CoronaLockdown #OvercomeCOVID19 #Nigeria @gboyegaakosile #StayAtHomeAndStaySafe #tribunecovid19watch  @LagosAgainstCovid19 @jidesanwoolu 
 #LASG #ForAGreaterLagos https://t.co/gLk7i3sfKQ","['ncdcgov', 'covid', 'nigeria', 'coronaupdate', 'who', 'cdc', 'staysafenigeria']"
146,"COVID19 Data Does not Match Doomsday Predictions! #CoronaUpdate #CoronaVirusUpdates #COVID19 #StayAtHomeAndStaySafe 

https://t.co/DpMJWL8qNa","['coronaupdate', 'coronavirusupdates', 'covid', 'stayathomeandstaysafe']"
147,"#Covid_19 #COVID19   #ŸÉÿ¥ŸÅ_ÿ™ÿ≥ÿ±ÿ®ÿßÿ™_ÿßŸÑŸÖŸäÿßŸá_ÿ™ÿπŸÇŸäŸÖŸÖ  #StayAtHomeAndStaySafe #CoronaUpdate #COVIDIOT 
provide 1 Hour Virtual Assistant/Data Entry/Admin Support https://t.co/iynJDSPMjN","['covid', 'covid', 'ŸÉÿ¥ŸÅÿ™ÿ≥ÿ±ÿ®ÿßÿ™ÿßŸÑŸÖŸäÿßŸáÿ™ÿπŸÇŸäŸÖŸÖ', 'stayathomeandstaysafe', 'coronaupdate', 'covidiot']"
148,"SpiceJet Pilot Tests Positive For COVID-19, Did Not Fly Overseas In March #CoronaUpdate
#CoronaLockdown

https://t.co/nArQ8UoMay

Shared via NDTV News App (Android - https://t.co/kzEHqItExf | iPhone - https://t.co/S6eRtD6rUQ )","['coronaupdate', 'coronalockdown']"
149,"14-Day Mandatory Quarantine For Lakhs Of Migrants Returning To UP, Bihar #Lockdown21 #CoronaUpdate
#coronavirusinindia

https://t.co/H7gZYxz1rO

Shared via NDTV News App (Android - https://t.co/kzEHqItExf | iPhone - https://t.co/S6eRtD6rUQ )","['lockdown', 'coronaupdate']"
150,"Important COVID-19 data.

 #CoronaVirus #COVID19 #CoronaUpdate #CoronavirusOutbreak  https://t.co/0bkJv5nxNn","['coronavirus', 'covid', 'coronaupdate', 'coronavirusoutbreak']"
151,"#Goa Govt Launched "" CallDoc "" Mobile App
#SundayThoughts #COVID2019india #coronavirusindia #CoronaUpdate #Covid_19 #IndiaFightsCornona #GodMorningSunday","['goa', 'sundaythoughts', 'covidindia', 'coronavirusindia', 'coronaupdate', 'covid']"
152,"Coronavirus roundup: Developments in India and rest of world
#COVID2019india #coronavirusindia #CoronaUpdate
 https://t.co/epad7DaBBf
Download the TOI app now:
https://t.co/pEbMfdYP8x","['covidindia', 'coronavirusindia', 'coronaupdate']"
153,"Awww, isn‚Äôt that cute? You believe data out of #CommunistChina, @ScottGottliebMD?

#coronavirus #CoronaUpdate #CoronaLockdown #CoronavirusPandemic #CoronavirusUSA #Covid_19 #COVID19 #COVIDIOT #COVID„Éº19 #ChinaLiedPeopleDied #China #XiVirus #CoronavirusOutbreak #StayHomeSavesLives https://t.co/cDDTprbHSc","['communistchina', 'coronavirus', 'coronaupdate']"
154,California #coronavirus cases: Tracking the outbreak #CoronaUpdate  #CoronavirusUSA  https://t.co/hANcz4tCW3,"['coronavirus', 'coronaupdate', 'coronavirususa']"
155,"#CoronaUpdate:
Students of @iitdelhi have developed an app to help trace individuals who come in close contact with #COVID19 positive cases.

Kudos to the young minds!!!

https://t.co/ZF6lMrp7m1",['coronaupdate']
156,i literally don‚Äòt be having nobody to talk to üòÇüòìjust be jumping from app to app  #sadboi #CoronaUpdate #CoronaLockdown #Corona #Covid_19 #Coronakrise,"['sadboi', 'coronaupdate']"
157,"#CoronaUpdate Afghanistan 

Total cases: 120

Active cases: 111

Deaths: 4

Recovered: 5

NATO forces: 4

 #CoronavirusOutbreak #covid19

Data according to @Tawhid_628, deputy Health Ministry spokesman.",['coronaupdate']
158,"O boy my data wan finish ooo

Jesu #CoronaUpdate #COVID19 #WhenCoronaVirusIsOver 

In this quarantine? Lord no","['coronaupdate', 'covid', 'whencoronavirusisover']"
159,#CoronaUpdate: #TN reports 8 new positive cases from Erode (contact of the Thai Nationals who are undergoing treatment at IRT Perundurai).The Pts were identified thru #TNHEALTH‚Äôs contact tracing. All patients are isolated for treatment. @MoHFW_INDIA @CMOTamilNadu #Vijayabaskar,"['coronaupdate', 'tn']"
160,"Privacy rights may become the next victim of killer #pandemic 

https://t.co/nMhuleAEoB

#coronavirus #CoronaUpdate  #WhenCoronaVirusIsOver #StayAtHomeAndStaySafe","['pandemic', 'coronavirus', 'coronaupdate']"
161,"@firstladyship Here is great #smartphone device #samsung 
https://t.co/bYiKEGcqSP #Mbuhari #pmb #CoronaUpdate #WhenCoronaVirusIsOver #dontrushchallenge #COVID19 #StayAtHomeAndStaySafe #SundayMotivation #UltimateLoveFinale #DoubleChris #CoronaLessons #lockdown #norushchallenge","['smartphone', 'samsung', 'mbuhari', 'pmb', 'coronaupdate']"
162,"@Malcom__A Here is great #smartphone device #samsung 
https://t.co/bYiKEGcqSP #Mbuhari #pmb #CoronaUpdate #WhenCoronaVirusIsOver #dontrushchallenge #COVID19 #StayAtHomeAndStaySafe #SundayMotivation #UltimateLoveFinale #DoubleChris #CoronaLessons #lockdown #norushchallenge","['smartphone', 'samsung', 'mbuhari', 'pmb', 'coronaupdate']"
163,"@davidadebanjo_ Here is great #smartphone device #samsung 
https://t.co/bYiKEGcqSP #Mbuhari #pmb #CoronaUpdate #WhenCoronaVirusIsOver #dontrushchallenge #COVID19 #StayAtHomeAndStaySafe #SundayMotivation #UltimateLoveFinale #DoubleChris #CoronaLessons #lockdown #norushchallenge","['smartphone', 'samsung', 'mbuhari', 'pmb', 'coronaupdate']"
164,"@business Here is great #smartphone device #samsung 
https://t.co/bYiKEGcqSP #Mbuhari #pmb #CoronaUpdate #WhenCoronaVirusIsOver #dontrushchallenge #COVID19 #StayAtHomeAndStaySafe #SundayMotivation #UltimateLoveFinale #DoubleChris #CoronaLessons #lockdown #norushchallenge","['smartphone', 'samsung', 'mbuhari', 'pmb', 'coronaupdate']"
165,"@HG2films Here is great #smartphone device #samsung 
https://t.co/AqUHtaJ9tO #Mbuhari #pmb #CoronaUpdate #WhenCoronaVirusIsOver #dontrushchallenge #COVID19 #StayAtHomeAndStaySafe #SundayMotivation #UltimateLoveFinale #DoubleChris #CoronaLessons #lockdown #norushchallenge","['smartphone', 'samsung', 'mbuhari', 'pmb', 'coronaupdate']"
166,"@DONJAZZY Here is great #smartphone device #samsung 
https://t.co/AqUHtaJ9tO #Mbuhari #pmb #CoronaUpdate #WhenCoronaVirusIsOver #dontrushchallenge #COVID19 #StayAtHomeAndStaySafe #SundayMotivation #UltimateLoveFinale #DoubleChris #CoronaLessons #lockdown #norushchallenge","['smartphone', 'samsung', 'mbuhari', 'pmb', 'coronaupdate']"
167,"Download the Corona Info app for India

Live Statistics |
Precautions &amp; Risks |
Helpline numbers |

#CoronaUpdate #CoronaLockdown #coronavirusindia #CoronavirusOutbreak
#Covid19India #Covid_19 #design #uxdesign #appdev #appdesign

https://t.co/uIJa3rZhIF https://t.co/qEk6YizBGj",['coronaupdate']
168,"Download the Corona Info app for India

Live Statistics |
Precautions &amp; Risks |
Helpline numbers |

#CoronaUpdate #CoronaLockdown #coronavirusindia #CoronavirusOutbreak
#Covid19India #Covid_19 #design #uxdesign #appdev #appdesign

Download Link - https://t.co/uIJa3rZhIF https://t.co/7okh7OoyBJ",['coronaupdate']
169,"@OgbeniDipo Here is great #smartphone device #samsung 
https://t.co/bYiKEGcqSP #Mbuhari #pmb #CoronaUpdate #WhenCoronaVirusIsOver #dontrushchallenge #COVID19 #StayAtHomeAndStaySafe #SundayMotivation #UltimateLoveFinale #DoubleChris #CoronaLessons #lockdown #norushchallenge","['smartphone', 'samsung', 'mbuhari', 'pmb', 'coronaupdate']"
170,"@AyoBankole Here is great #smartphone device #samsung 
https://t.co/AqUHtaJ9tO #Mbuhari #pmb #CoronaUpdate #WhenCoronaVirusIsOver #dontrushchallenge #COVID19 #StayAtHomeAndStaySafe #SundayMotivation #UltimateLoveFinale #DoubleChris #CoronaLessons #lockdown #norushchallenge","['smartphone', 'samsung', 'mbuhari', 'pmb', 'coronaupdate']"
171,"@thehill Here is great #smartphone device #samsung 
https://t.co/bYiKEGcqSP #Mbuhari #pmb #CoronaUpdate #WhenCoronaVirusIsOver #dontrushchallenge #COVID19 #StayAtHomeAndStaySafe #SundayMotivation #UltimateLoveFinale #DoubleChris #CoronaLessons #lockdown #norushchallenge","['smartphone', 'samsung', 'mbuhari', 'pmb', 'coronaupdate']"
172,"@OgbeniDipo Here is great #smartphone device #samsung 
https://t.co/bYiKEGcqSP #Mbuhari #pmb #CoronaUpdate #WhenCoronaVirusIsOver #dontrushchallenge #COVID19 #StayAtHomeAndStaySafe #SundayMotivation #UltimateLoveFinale #DoubleChris #CoronaLessons #lockdown #norushchallenge","['smartphone', 'samsung', 'mbuhari', 'pmb', 'coronaupdate']"
173,"@JackPosobiec Here is great #smartphone device #samsung 
https://t.co/bYiKEGcqSP #Mbuhari #pmb #CoronaUpdate #WhenCoronaVirusIsOver #dontrushchallenge #COVID19 #StayAtHomeAndStaySafe #SundayMotivation #UltimateLoveFinale #DoubleChris #CoronaLessons #lockdown #norushchallenge","['smartphone', 'samsung', 'mbuhari', 'pmb', 'coronaupdate']"
174,"My cousin sent us this really helpful #Covid_19 #CoronaUpdate #CoronaVirus website while we were still Tamil Nadu. üôèüèΩüôèüèΩ @henrikafloren

Its one of those data sources that teaches volumes in simple numbers:   https://t.co/1jowhwwlgp","['covid', 'coronaupdate', 'coronavirus']"
175,#StockMarket #stocks #Markets #stockmarketnews #Futures #OptionsTrading #daytrading #CoronaUpdate #COVID19  Up coming data this week.  NOT something to ignore with recent events,"['stockmarket', 'stocks', 'markets', 'stockmarketnews', 'futures', 'optionstrading', 'daytrading', 'coronaupdate', 'covid']"
176,"#SundayThoughts #MARTIALLAW2020 #CoronaUpdate DOJ wants to suspend #ConstitutionalRights but now...
The U.S. wants smartphone location data to fight coronavirus. #Privacy advocates are worried. https://t.co/cCtk6pwfX5","['sundaythoughts', 'martiallaw', 'coronaupdate', 'constitutionalrights']"
177,"#Data is always #beautiful but #COVID2019india outspread data is scary

#CoronaUpdate #COVID2019","['data', 'beautiful', 'covidindia', 'coronaupdate', 'covid']"
178,"#SundayThoughts #SundayFunday #SundayBrunch 
#BlackTwitter #Resistance #women #coronavirus #CoronaUpdate 

2 article thread. 
MUST-READ piece showing how the left is manipulating data to suggest their desired conclusion and present it as ‚Äúfact-checking.‚Äù 

https://t.co/geX7jUWXpa","['sundaythoughts', 'sundayfunday', 'sundaybrunch', 'blacktwitter', 'resistance', 'women', 'coronavirus', 'coronaupdate']"
179,"#TNINewsUpdate #CoronaUpdate¬†

#Odisha Govt asks Collectors &amp; Municipal Commissioners to intensify surveillance &amp; contact tracing of people who returned from abroad &amp; other #COVID19 affected States.¬†

2,856 persons who returned from aborad in the last 14 days, yet to be traced. https://t.co/JtpWwhmj4Y","['tninewsupdate', 'coronaupdate', 'odisha']"
180,"#iTHiNKLabs Episode 116üî¥https://t.co/ciIN4Aj0Jb

This week:

#StayHome #Security #Health #Business #CoronaUpdate #Tech #WorkFromHome #Management #SundayMorning #Privacy #Work #VPN #StayAtHomeAndStaySafe #Mobile #Hantavirus #Covid_19 #SundayThoughts #Foodie #WhenCoronaVirusIsOver https://t.co/1Nhp2Aa5U5","['ithinklabs', 'stayhome', 'security', 'health', 'business', 'coronaupdate']"
181,"Share healing for yourself and others.
#NithyanandaFastingForGlobalHealing
#COVID_19 #CoronaUpdate

Get the App: https://t.co/7IvC3etU2x
April 13 experience register at https://t.co/G8JEKQ4W0H","['nithyanandafastingforglobalhealing', 'covid', 'coronaupdate']"
182,"Learn to go beyond food and #CornavirusOutbreak fear
#NithyanandaFastingForGlobalHealing
#COVID_19 #CoronaUpdate

Get the App: https://t.co/7IvC3etU2x","['cornavirusoutbreak', 'nithyanandafastingforglobalhealing', 'covid', 'coronaupdate']"
183,"COVID-19 Daily: New Hydroxychloroquine Data, Dire PPE Shortages https://t.co/WKY8S0qU5D #CoronaUpdate #Covid_19","['coronaupdate', 'covid']"
184,"With new quick test, we can begin random sampling.  We need to start tracking to determine when virus is shed. #CoronaUpdate #coronavirus","['coronaupdate', 'coronavirus']"
185,"Coronavirus Could Infect Privacy And Civil Liberties Forever

Are you ok with this? 

#coronavirus
#CoronaUpdate 
#COVID19 
#WakeUp
#RiseUp
 https://t.co/xkTnNGU0er","['coronavirus', 'coronaupdate']"
186,Hey @SenSchumer... any movement on this one? @GOP @realDonaldTrump @POTUS @TheDemocrats #CoronaUpdate #coronavirus #CoronaLockdown #CoronavirusUSA https://t.co/sYbGMB9xmn,"['coronaupdate', 'coronavirus']"
187,"Don‚Äôt trust Chinese data. Period. 

#ChinaLiedPeopleDie #Covid_19 #CoronaUpdate #China https://t.co/QgonyvB0vT","['chinaliedpeopledie', 'covid', 'coronaupdate', 'china']"
188,#CoronaUpdate for April 3: @caspiancenter is tracking the number of confirmed #COVID19 cases in the Greater #Caspian Region. Here are the latest numbers for today: https://t.co/VW6tkMqVUT,"['coronaupdate', 'covid']"
189,"It's foolish to think only China lies about their data
#coronavirus 
#CoronaUpdate 
#COVID19","['coronavirus', 'coronaupdate', 'covid']"
190,"Half of people with #coronavirus have no #symptoms, data shows https://t.co/XqSatkkLv7 #COVID2019 #CoronaUpdate","['coronavirus', 'symptoms', 'covid', 'coronaupdate']"
191,Researchers working on FREE PHONE APP to Test for COVID19! ü•∞üôè #COVID2019 #COVID19Update #breaking #CoronaUpdate #SafeAtHome #QuarantineLife  https://t.co/EY0BLqWdrF,"['covid', 'covidupdate', 'breaking', 'coronaupdate']"
192,"#CoronaUpdate: ""More data showing people without symptoms are fueling the spread"" PLEASE #StayAtHomeAndStaySafe. Good night friends‚ù§Ô∏è
https://t.co/vXLck36qP6","['coronaupdate', 'stayathomeandstaysafe']"
193,"#PhoenixMall #CoronaUpdate 
Although the @chennaicorp poster on contact tracing says three people who worked at Lifestyle tested positive for #COVID19, health department officials told @Sinduj11 that so far only two staff at the mall have tested positive!","['phoenixmall', 'coronaupdate']"
194,All recent #Samsung cellphones feature a blood oxygen sensor. Using Samsung's Health app you can measure blood oxygen saturation (SpO2). Be careful when this value drops below 94%. Stay healthy. @Samsung #Coronavirus #SARSCoV2 #COVID19 https://t.co/NOLGrclGpT,['samsung']
195,"Everybody's quarantined. Galaxy S20, no edits. #galaxys20 #galaxys20ultra #samsung #withgalaxy #corona #coronavirus #smartphone #smartphones #nature #naturephotography https://t.co/wrumx9ARpc","['galaxys', 'galaxysultra', 'samsung', 'withgalaxy', 'corona', 'coronavirus']"
196,"Samsung is Offering to Clean Your Galaxy Smartphone For Free!
#coronavirus
#Samsung 
https://t.co/fLPhwX0aIk","['coronavirus', 'samsung']"
197,"If you have a #Samsung Smart TV, go to the apps bit and download the Feratel Webcams app (it's free). Fantastic to waste a bit of time and look at almost live video of mountains, cities and stuff across Europe, in HD. It's really good. #Covid_19 #CoronaCrisis",['samsung']
198,#Olympus Best Selling Mirrorless #Camera - #Samsung 150MP Sensor Smartphone Coming - #FujiFilm Makes #Coronavirus Drug and more  https://t.co/LpDQFsA1AQ https://t.co/S2lnb5uLxT,"['olympus', 'camera', 'samsung', 'fujifilm', 'coronavirus']"
199,"#Samsung, #Google, &amp; #Sony take strategic decisions to sustain in #COVID19 by relocating their smartphone factories to global locations like India and Vietnam.
https://t.co/CoFIXy14CM","['samsung', 'google', 'sony', 'covid']"
200,"From #Samsung to #Oppo and #Realme, major smartphone players are closing down their manufacturing units

https://t.co/gGORfUGCLi","['samsung', 'oppo', 'realme']"
201,"The non-#CoronaVirus news that open my Eyes and Jaws WIDE just now is...

#Samsung is making 1-inch #smartphone #camera sensor... That will be all good kind of S.I.C.K.

1-inch sensor and 150megapixels. Other known OEMs are requesting it and we may those by end of year.","['coronavirus', 'samsung', 'smartphone']"
202,"@firstladyship Here is great #smartphone device #samsung 
https://t.co/bYiKEGcqSP #Mbuhari #pmb #CoronaUpdate #WhenCoronaVirusIsOver #dontrushchallenge #COVID19 #StayAtHomeAndStaySafe #SundayMotivation #UltimateLoveFinale #DoubleChris #CoronaLessons #lockdown #norushchallenge","['smartphone', 'samsung', 'mbuhari', 'pmb', 'coronaupdate']"
203,"@Malcom__A Here is great #smartphone device #samsung 
https://t.co/bYiKEGcqSP #Mbuhari #pmb #CoronaUpdate #WhenCoronaVirusIsOver #dontrushchallenge #COVID19 #StayAtHomeAndStaySafe #SundayMotivation #UltimateLoveFinale #DoubleChris #CoronaLessons #lockdown #norushchallenge","['smartphone', 'samsung', 'mbuhari', 'pmb', 'coronaupdate']"
204,"@davidadebanjo_ Here is great #smartphone device #samsung 
https://t.co/bYiKEGcqSP #Mbuhari #pmb #CoronaUpdate #WhenCoronaVirusIsOver #dontrushchallenge #COVID19 #StayAtHomeAndStaySafe #SundayMotivation #UltimateLoveFinale #DoubleChris #CoronaLessons #lockdown #norushchallenge","['smartphone', 'samsung', 'mbuhari', 'pmb', 'coronaupdate']"
205,"@redsteeze @IvankaTrump Here is great #smartphone device #samsung 
https://t.co/bYiKEGcqSP #Mbuhari #pmb #CoronaUpdate #WhenCoronaVirusIsOver #dontrushchallenge #COVID19 #StayAtHomeAndStaySafe #SundayMotivation #UltimateLoveFinale #DoubleChris #CoronaLessons #lockdown #norushchallenge","['smartphone', 'samsung', 'mbuhari', 'pmb']"
206,"@business Here is great #smartphone device #samsung 
https://t.co/bYiKEGcqSP #Mbuhari #pmb #CoronaUpdate #WhenCoronaVirusIsOver #dontrushchallenge #COVID19 #StayAtHomeAndStaySafe #SundayMotivation #UltimateLoveFinale #DoubleChris #CoronaLessons #lockdown #norushchallenge","['smartphone', 'samsung', 'mbuhari', 'pmb', 'coronaupdate']"
207,"@HG2films Here is great #smartphone device #samsung 
https://t.co/AqUHtaJ9tO #Mbuhari #pmb #CoronaUpdate #WhenCoronaVirusIsOver #dontrushchallenge #COVID19 #StayAtHomeAndStaySafe #SundayMotivation #UltimateLoveFinale #DoubleChris #CoronaLessons #lockdown #norushchallenge","['smartphone', 'samsung', 'mbuhari', 'pmb', 'coronaupdate']"
208,"@DONJAZZY Here is great #smartphone device #samsung 
https://t.co/AqUHtaJ9tO #Mbuhari #pmb #CoronaUpdate #WhenCoronaVirusIsOver #dontrushchallenge #COVID19 #StayAtHomeAndStaySafe #SundayMotivation #UltimateLoveFinale #DoubleChris #CoronaLessons #lockdown #norushchallenge","['smartphone', 'samsung', 'mbuhari', 'pmb', 'coronaupdate']"
209,"@OgbeniDipo Here is great #smartphone device #samsung 
https://t.co/bYiKEGcqSP #Mbuhari #pmb #CoronaUpdate #WhenCoronaVirusIsOver #dontrushchallenge #COVID19 #StayAtHomeAndStaySafe #SundayMotivation #UltimateLoveFinale #DoubleChris #CoronaLessons #lockdown #norushchallenge","['smartphone', 'samsung', 'mbuhari', 'pmb', 'coronaupdate']"
210,"@AyoBankole Here is great #smartphone device #samsung 
https://t.co/AqUHtaJ9tO #Mbuhari #pmb #CoronaUpdate #WhenCoronaVirusIsOver #dontrushchallenge #COVID19 #StayAtHomeAndStaySafe #SundayMotivation #UltimateLoveFinale #DoubleChris #CoronaLessons #lockdown #norushchallenge","['smartphone', 'samsung', 'mbuhari', 'pmb', 'coronaupdate']"
211,"@TheNationNews @MBuhari Here is great #smartphone device #samsung 
https://t.co/bYiKEGcqSP #Mbuhari #pmb #CoronaUpdate #WhenCoronaVirusIsOver #dontrushchallenge #COVID19 #StayAtHomeAndStaySafe #SundayMotivation #UltimateLoveFinale #DoubleChris #CoronaLessons #lockdown #norushchallenge","['smartphone', 'samsung', 'mbuhari', 'pmb']"
212,"@thehill Here is great #smartphone device #samsung 
https://t.co/bYiKEGcqSP #Mbuhari #pmb #CoronaUpdate #WhenCoronaVirusIsOver #dontrushchallenge #COVID19 #StayAtHomeAndStaySafe #SundayMotivation #UltimateLoveFinale #DoubleChris #CoronaLessons #lockdown #norushchallenge","['smartphone', 'samsung', 'mbuhari', 'pmb', 'coronaupdate']"
213,"@OgbeniDipo Here is great #smartphone device #samsung 
https://t.co/bYiKEGcqSP #Mbuhari #pmb #CoronaUpdate #WhenCoronaVirusIsOver #dontrushchallenge #COVID19 #StayAtHomeAndStaySafe #SundayMotivation #UltimateLoveFinale #DoubleChris #CoronaLessons #lockdown #norushchallenge","['smartphone', 'samsung', 'mbuhari', 'pmb', 'coronaupdate']"
214,"@TheNationNews @MBuhari Here is great #smartphone device #samsung 
https://t.co/bYiKEGcqSP #Mbuhari #pmb #CoronaUpdate #WhenCoronaVirusIsOver #dontrushchallenge #COVID19 #StayAtHomeAndStaySafe #SundayMotivation #UltimateLoveFinale #DoubleChris #CoronaLessons #lockdown #norushchallenge","['smartphone', 'samsung', 'mbuhari', 'pmb']"
215,"@JackPosobiec Here is great #smartphone device #samsung 
https://t.co/bYiKEGcqSP #Mbuhari #pmb #CoronaUpdate #WhenCoronaVirusIsOver #dontrushchallenge #COVID19 #StayAtHomeAndStaySafe #SundayMotivation #UltimateLoveFinale #DoubleChris #CoronaLessons #lockdown #norushchallenge","['smartphone', 'samsung', 'mbuhari', 'pmb', 'coronaupdate']"
216,"#ados you better start teaching ya bigmama/papa how to use a #smartphone right now!
New Coronavirus Stimulus Bill In Congress Creates U.S. Digital Dollar via @forbes https://t.co/OPmeg2IH28","['ados', 'smartphone']"
217,"#ADOS we know the news will never report the real data so by all means keep yourself safe
https://t.co/G4k2LdPKec",['ados']
218,"For #ADOS living near toxic industrial facilities, there are now NO federal rules preventing the pollution of your air, water or land indefinitely. 

From past projects, companies spend MILLIONS annually on monitoring + controlling regulated water quality &amp; air emissions. https://t.co/wIJgVtK7gQ",['ados']
219,"üö®#ADOS Block Alert

üëâ@Askedtoleave
üëâ@PeopleOfAngela

This avatar operates under 2 handles at once üëÄ &amp; use BAIT topics with individuals---who may or may not be politically active---as a gateway to launch a smear campaign against #ADOS movement, already pitching to smear media.",['ados']
220,"Both sides are playing GAMES. DIVERSITY DATA? WTF is ""diversity"" when everyone qualifies as 'diverse' besides #ADOS? #ADOSPolitics",['ados']
221,"#ADOS üëÄ
Watch and learn fam. Be advised. Take EVERY PRECAUTION! Eat healthy, exercise and build up your immune system. Get prepared for a rough road ahead.
https://t.co/XiQMShk124
#COVID19 
#coronavirus
#StayAtHome
#data",['ados']
222,"So this is what @AyannaPressley cares to promote at a time like this? Meanwhile #ADOS is worth $8 liquid, imprisoned at 7.5x the rate of whites, &amp; Boston is noted 4 being 1 of the most racist towns amid a #COVID19 that's infected over 5k state wide. By the data it makes no sense! https://t.co/o6sT5M9TIU",['ados']
223,"This website is tracking the #COVID19 Mutations - 8 so far
https://t.co/GY3ld5kWZV #ADOS","['covid', 'ados']"
224,"1‚úÖWhat were you doing #BeforeADOS? What were your beliefs?

2‚úÖWhat have you discovered since the #ADOS movement and its call for reparations became a topic on the presidential stage in 2019?

3‚úÖWhat have you discovered  since COVID-19 became a pandemic?

4‚úÖWhat's next? https://t.co/OMCe5EHn4l","['beforeados', 'ados']"
225,"‚ÄúEarly Data Shows African Americans Have Contracted and Died of Coronavirus at an Alarming Rate‚Äù #ados 
https://t.co/cp4XKLy4XI",['ados']
226,Ya think?‚ö°Ô∏è ‚ÄúThe data says it all: Staying home during coronavirus is a luxury.‚Äù by @nytimes https://t.co/HmSnQ2RG2K #ADOS,['ados']
227,#Fauci is on @CNN right now doing a Global #townhall and I have to wonder how this man is able to have the energy to work 19 hours a day and keep on tope of the latest data. I also hear that he still exercises daily. This man is my #hero. Stay safe! #Covid_19,"['fauci', 'townhall']"
228,"This is the only way we can get data, facts and reality...  #Fauci #Trump #coronavirus #COVID19 https://t.co/syz71CfiD7","['fauci', 'trump', 'coronavirus', 'covid']"
229,#Fauci says contact tracing is key to containment. How many institutions are doing this? How to trace without testing? Is #coronavirus containment even possible anymore or is focus mitigation? #CoronaLockdown #COVID19 #CoronavirusUSA #CoronavirusOutbreak  https://t.co/BlDQpazBXA,['fauci']
230,"Not following #Fauci's position re:tests
Positives were isolated by test data.
#Pence keep citing 10s of 1000s of tests? In a nation of 350M!
This #TrumpPressConference is the worse so far. 
No, you didn't not 'inherit a broken system.'
You eroded a scalable functioning system.","['fauci', 'pence']"
231,"@gatewaypundit #Fauci and Brix have NO FRIGGEN IDEA how many cases or deaths from #Covid19 there will be. To them its ALL data GUESS WORK and is ONLY as good as the algorithm that was written. HOPEFULLY Unbiased ALGO.

Just like ELECTION polls these estimates can be way off.

@POTUS&gt; #OpenUsUp","['fauci', 'covid']"
232,"Dr #Fauci speaks on the #CoronaUpdate models, ways to #FlattenTheCurve and the assumptions that go into creating them. Remember that the models are used as guides that factor in other countries and data we have but not necessarily how things will turn out.
#Covid_19
#coronavirus https://t.co/yhf7yxvLHr","['fauci', 'coronaupdate', 'flattenthecurve']"
233,"It‚Äôs sobering.  It‚Äôs realistic. It will be painful says Dr Anthony #Fauci based on data Americans should be prepared for 100,000 deaths #coronavirus https://t.co/jizhn36t2e",['fauci']
234,"#FoxNews broadcasting live right a
content-less chat between the Cuomo brothers

They're not worried about
#Fauci demand of
#shutdown, #lockdown until not a single #COVID19 death?

#Depression, #MartialLaw, #surveillance, forced #vaccination

Outlet for global govt &amp; #BigPharma","['foxnews', 'fauci']"
235,"#BillGatesVirus #FauciFraud #Fauci @realDonaldTrump 
#Covid19 #coronavirus (cold/flu), #vaxxed #gmo
#monsanto-#bayer #NIH #NHS #CDC #FDA #WHO

They are faking the data. Saying peopled died from #COVID19 when they DID NOT DIE FROM IT. 

Medical fraud 101.

https://t.co/DGrwblWXNY","['billgatesvirus', 'faucifraud', 'fauci', 'covid', 'coronavirus', 'vaxxed', 'gmo', 'monsanto']"
236,"#WhiteHouseBriefing  Dr. Birx says great concerns for next two weeks, based on Chris Murray model.  #Fauci says model is as good as assumptions put into it.  Complex.  Dr. Fauci says he likes to look at the data and try to mitigate. #coronavirus.  #COVID19","['whitehousebriefing', 'fauci']"
237,Some of the data that is persuading #Fauci and other experts to support wearing of material masks / facial covering.  https://t.co/Yfppqu3Ofy,['fauci']
238,"""We don‚Äôt operate on how you feel. We operate on what evidence is, and data is."" - #Fauci on our response to #COVID19. This also happens to be the way science works, in general.",['fauci']
239,"Dr. #Fauci Shuts Down ‚ÄòFox &amp; Friends‚Äô on #Coronavirus Cure, Says ‚ÄòWe Don‚Äôt Operate on How You Feel‚Äô. #Science &amp; #data matter in #medicine.  #FoxNewsLies  https://t.co/OLoSCzzkEx","['fauci', 'coronavirus', 'science']"
240,"@mini_bubbly Like #Fauci said, models are of no use.
The situation is so fluid that ANY model at any time, it's a snapshot of that very second, based on known data, practices, etc. 
Make a single change, &amp; that model is invalid.
Models for #COVID19 is like taking your temperature, always diff",['fauci']
241,Coronavirus: @FNBSA to Offer Connect Customers Free Data https://t.co/BxXGYVOKqx via @tech_financials #Covid_19 #WhenCoronaVirusIsOver,"['covid', 'whencoronavirusisover']"
242,"If it Impresses Wear it.
Call/app: 0714943964 
#footwearmall
#NewWorldOrder
#WhenCoronaVirusIsOver
#WomenAtWebKE
#Chamanenyu 
#Somalia 
#ShameOnTangaTanga 
#coronaviruske 
#Coronavirustruth 
#UONboycotonlineclasses 
#betty
#Lonyangapuo #Covid_19 https://t.co/DSPnmW7YAN","['footwearmall', 'newworldorder', 'whencoronavirusisover', 'womenatwebke']"
243,"#WhenCoronaVirusIsOver, USA needs to re-think how it learns from present mistakes, past foes &amp; collaborates to tackle global challenges eg like Vietnam, Germany: they have a much lower COVID death rate than USA, by following #WHO guidelines: combine #trackingCovid19 #trace #test",['whencoronavirusisover']
244,"If it Impresses Wear it.
Call/app: 0714943964 
#footwearmall
#NewWorldOrder
#WhenCoronaVirusIsOver
#WomenAtWebKE
#Chamanenyu 
#Somalia 
#ShameOnTangaTanga 
#coronaviruske 
#Coronavirustruth 
#UONboycotonlineclasses 
#betty
#Lonyangapuo #Covid_19 https://t.co/Ep6hlINCLU","['footwearmall', 'newworldorder', 'whencoronavirusisover', 'womenatwebke']"
245,"If it Impresses Wear it.
Call/app: 0714943964 
#footwearmall
#NewWorldOrder
#WhenCoronaVirusIsOver
#WomenAtWebKE
#Chamanenyu 
#Somalia 
#ShameOnTangaTanga 
#coronaviruske 
#Coronavirustruth 
#UONboycotonlineclasses 
#betty
#Lonyangapuo #Covid_19 https://t.co/JhWN8TGUrn","['footwearmall', 'newworldorder', 'whencoronavirusisover', 'womenatwebke']"
246,Btw I'm starting to use this app a lot üòÇüòÇüò≠ #Memes #Coronavirustruth #Covid_19 #WhenCoronaVirusIsOver #funny #hi #GoodMorning #Weather #followme #follow https://t.co/709tw7UmMk,"['memes', 'coronavirustruth', 'covid', 'whencoronavirusisover', 'funny', 'hi']"
247,"Wear what make you Happy 
Call/app: 0714943964 
#StayHome #StayHomekenya #Covid_19 #WhenCoronaVirusIsOver #Coronavirustruth #ShameOnTangaTanga #itumbi #Office365 #1000icu #Tanzania #dontrushchallenge #abraham #Ozil #UniversityofNairobi #murkomen #fashion #footwearmall #football https://t.co/e14Os5P825","['stayhome', 'stayhomekenya', 'covid', 'whencoronavirusisover']"
248,"Wear what make you Happy 
Call/app: 0714943964 
#StayHome #StayHomekenya #Covid_19 #WhenCoronaVirusIsOver #Coronavirustruth #ShameOnTangaTanga #itumbi #Office365 #1000icu #Tanzania #dontrushchallenge #abraham #Ozil #UniversityofNairobi #murkomen #fashion #footwearmall #football https://t.co/xJFQug5YCZ","['stayhome', 'stayhomekenya', 'covid', 'whencoronavirusisover']"
249,"""What do you wish #WhenCoronaVirusIsOver?""

Given all the suffering and hardship that millions of people around the world are enduring because we lack the vaccine against one particular virus, I really wish this: the anti-vaxxer movement dead. Forever.

#coronavirus #Covid_19",['whencoronavirusisover']
250,"COVID-19 update. 
Lock down of movement in Ekiti State #WhenCoronaVirusIsOver",['whencoronavirusisover']
251,"O boy my data wan finish ooo

Jesu #CoronaUpdate #COVID19 #WhenCoronaVirusIsOver 

In this quarantine? Lord no","['coronaupdate', 'covid', 'whencoronavirusisover']"
252,"#Covid_19 .
Day by day data who spread #CoronavirusUSA 
#WhenCoronaVirusIsOver 
#lockdown 
#StayHomeSaveLives 
#NewYork #newjerseylockdown 
#Quarantine https://t.co/K6exnZBmQE","['covid', 'coronavirususa', 'whencoronavirusisover', 'lockdown', 'stayhomesavelives']"
253,"@agbeniyi_jide #WhenCoronaVirusIsOver we must:

1) Speak the truth by tracking down the exact date &amp; origin of #Covid_19

2) Force #CommunistChina to pay for what they did to the world

3) Spend more money on actual #GlobalPandemic prevention and less money on the #globalwarming hoax. #staysafe",['whencoronavirusisover']
254,"#WhenCoronaVirusIsOver #LGBTQuarantine Bolt abla FIRB Adelaide Oval Princes Park #bencousins #stayathomeandstaysafe #Covid_19 tiger king Stage 3
Ahhh OK so 2 weeks .. what a lot of shit Scomo is spitting in his press conferences.. We are Fast tracking Claims What Fucking Bullshit https://t.co/G1Jjw2nMNd","['whencoronavirusisover', 'lgbtquarantine', 'bencousins', 'stayathomeandstaysafe']"
255,"""What do you wish #WhenCoronaVirusIsOver?""

Seeing all the suffering and hardship that millions of people around the world are enduring because we lack the vaccine against one particular virus, I really wish this: the anti-vaxxer movement dead. Forever.

#COVID19 #coronavirus",['whencoronavirusisover']
256,"While you #StayAtHomeAndStaySafe, from #COVID19 #UsetheToilet #StopOpenDefecation #CleanNigeria  #shitwithswag let's join movement üëçüëçüëç@Toiletspride @ODFnigeria @WaterAidNigeria @BODAN70771304 @WASH_Posts @Waterresources9 https://t.co/0MUy45Vex4","['stayathomeandstaysafe', 'covid', 'usethetoilet', 'stopopendefecation', 'cleannigeria', 'shitwithswag']"
257,"This is great news that NEED to be shared. #StayAtHome #StayAtHomeAndStaySafe #ProtectEveryone #ItWorks
Restrictions Are Slowing Coronavirus Infections, New Data Suggest https://t.co/NORtltUFWG","['stayathome', 'stayathomeandstaysafe', 'protecteveryone', 'itworks']"
258,"Ask your doubts during LIVE Session to mentors through VIDHIGYA app #StayAtHomeAndStaySafe
#OnlineCourses #CLAT #CLAT2020 #CLATExam #COVID19 #Coronavirus #lawexams #lawexamsinIndia #lawentrance #Clatexam #ClatCoaching #lawentrance #AILET #ailet20 #onlinelearning #clat20 #VIDHIGYA https://t.co/lDSk7grisP","['stayathomeandstaysafe', 'onlinecourses', 'clat']"
259,"Day 10 of quarantine 
I finally realized freedom of movement is underrated 
#COVID19 
#StayAtHomeAndStaySafe https://t.co/s44jXye6ov","['covid', 'stayathomeandstaysafe']"
260,The new @ausgov app to get the latest #COVID19Aus updates via WhatsApp #StayAtHomeAndStaySafe #AllInThisTogether,"['covidaus', 'stayathomeandstaysafe', 'allinthistogether']"
261,"@narendramodi @JPNadda
@blsanthosh
#StayAtHomeAndStaySafe #IndiaFightsCoronavirus
PM Modi apologises to people for hardships due to lockdown, says there was no other option to fight coronavirus
https://t.co/c7z4pDjbhB

via NaMo App https://t.co/AgsfYJNdWf","['stayathomeandstaysafe', 'indiafightscoronavirus']"
262,"COVID19 Data Does not Match Doomsday Predictions! #CoronaUpdate #CoronaVirusUpdates #COVID19 #StayAtHomeAndStaySafe 

https://t.co/DpMJWL8qNa","['coronaupdate', 'coronavirusupdates', 'covid', 'stayathomeandstaysafe']"
263,Hope this data will reinforce the need to #StayAtHomeAndStaySafe in #Ontario: Number of #Covid19 pts in #ICUs tripled in the past few days @md_frost @CBCNews https://t.co/i68mb4G1Pc,"['stayathomeandstaysafe', 'ontario', 'covid', 'icus']"
264,"#Covid_19 #COVID19   #ŸÉÿ¥ŸÅ_ÿ™ÿ≥ÿ±ÿ®ÿßÿ™_ÿßŸÑŸÖŸäÿßŸá_ÿ™ÿπŸÇŸäŸÖŸÖ  #StayAtHomeAndStaySafe #CoronaUpdate #COVIDIOT 
provide 1 Hour Virtual Assistant/Data Entry/Admin Support https://t.co/iynJDSPMjN","['covid', 'covid', 'ŸÉÿ¥ŸÅÿ™ÿ≥ÿ±ÿ®ÿßÿ™ÿßŸÑŸÖŸäÿßŸáÿ™ÿπŸÇŸäŸÖŸÖ', 'stayathomeandstaysafe', 'coronaupdate', 'covidiot']"
265,#StayAtHomeAndStaySafe #StayConnected #Wellbeing ‚ÄúIt is essential that people stay at home to protect the NHS and save lives. This package helps people to stay connected whilst they stay home.‚Äù Broadband providers to lift data caps during Covid-19 lockdown https://t.co/eMkwCaIMMM,"['stayathomeandstaysafe', 'stayconnected', 'wellbeing']"
266,"#StayAtHomeAndStaySafe #RestezChezVous #StayHomeCanada #StayHome #ResteChezToi #StopTheSpread #TransmissionCommunautaire

65% of reported COVID-19 cases in Canada related to community transmission: latest data https://t.co/BeUPstvs2j","['stayathomeandstaysafe', 'restezchezvous', 'stayhomecanada', 'stayhome', 'restecheztoi', 'stopthespread']"
267,"#COVID19 UPDATE map...üò∑üëÄ
#StayAtHomeAndStaySafe
VankaPro‚òÄÔ∏èüåäüåäüåä
Map: Tracking The Spread Of The Coronavirus In The U.S. https://t.co/Xcs2AUaeZv","['covid', 'stayathomeandstaysafe']"
268,"This visual on tracking the potential spread. #coronavirus #Covid_19 #StayAtHomeAndStaySafe 
üëá
@TectonixGEO 
https://t.co/T7TGZdeBK5","['coronavirus', 'covid', 'stayathomeandstaysafe']"
269,You have to understand data. Not statistics but raw data. #Covid_19 #StayAtHomeAndStaySafe #Corinnavirus #coronalockdownuk #IslesOfScilly #Cornwall #Scilly @BBCCornwall @CornwallLive,"['covid', 'stayathomeandstaysafe', 'corinnavirus']"
270,"Coronavirus: @MTNGhana Is Offering Free Browsing Data To All Customers In Ghana.

#Covid_19
#StayAtHomeAndStaySafe 
#CoronaLockdown

https://t.co/MOvhWPxtVj","['covid', 'stayathomeandstaysafe']"
271,Congrats to all involved in this innovative approach to contact tracing. #StayAtHomeAndStaySafe #StrengthenTheNation #HammerTheCurve https://t.co/KMSNCyACt0,['stayathomeandstaysafe']
272,"Voluntary stay at home/tent, yet forcibly under siege. 
#Idlib 
#StayAtHomeAndStaySafe 
#StayHome 
#Covid_19
#StayHome https://t.co/Sy27YokZUs","['idlib', 'stayathomeandstaysafe', 'stayhome', 'covid']"
273,"#WhenCoronaVirusIsOver #LGBTQuarantine Bolt abla FIRB Adelaide Oval Princes Park #bencousins #stayathomeandstaysafe #Covid_19 tiger king Stage 3
Ahhh OK so 2 weeks .. what a lot of shit Scomo is spitting in his press conferences.. We are Fast tracking Claims What Fucking Bullshit https://t.co/G1Jjw2nMNd","['whencoronavirusisover', 'lgbtquarantine', 'bencousins', 'stayathomeandstaysafe']"
274,"#CoronaUpdate: ""More data showing people without symptoms are fueling the spread"" PLEASE #StayAtHomeAndStaySafe. Good night friends‚ù§Ô∏è
https://t.co/vXLck36qP6","['coronaupdate', 'stayathomeandstaysafe']"
275,"Coronavirus: Loss of Taste and Smell Key COVID-19 Symptoms, App Study Finds #StayAtHomeAndStaySafe #Covid_19 #CoronaUpdate
#COVID19 https://t.co/zEWRrOZlG0","['stayathomeandstaysafe', 'covid']"
276,"@firstladyship Here is great #smartphone device #samsung 
https://t.co/bYiKEGcqSP #Mbuhari #pmb #CoronaUpdate #WhenCoronaVirusIsOver #dontrushchallenge #COVID19 #StayAtHomeAndStaySafe #SundayMotivation #UltimateLoveFinale #DoubleChris #CoronaLessons #lockdown #norushchallenge","['smartphone', 'samsung', 'mbuhari', 'pmb', 'coronaupdate']"
277,"@Malcom__A Here is great #smartphone device #samsung 
https://t.co/bYiKEGcqSP #Mbuhari #pmb #CoronaUpdate #WhenCoronaVirusIsOver #dontrushchallenge #COVID19 #StayAtHomeAndStaySafe #SundayMotivation #UltimateLoveFinale #DoubleChris #CoronaLessons #lockdown #norushchallenge","['smartphone', 'samsung', 'mbuhari', 'pmb', 'coronaupdate']"
278,"@davidadebanjo_ Here is great #smartphone device #samsung 
https://t.co/bYiKEGcqSP #Mbuhari #pmb #CoronaUpdate #WhenCoronaVirusIsOver #dontrushchallenge #COVID19 #StayAtHomeAndStaySafe #SundayMotivation #UltimateLoveFinale #DoubleChris #CoronaLessons #lockdown #norushchallenge","['smartphone', 'samsung', 'mbuhari', 'pmb', 'coronaupdate']"
279,"@redsteeze @IvankaTrump Here is great #smartphone device #samsung 
https://t.co/bYiKEGcqSP #Mbuhari #pmb #CoronaUpdate #WhenCoronaVirusIsOver #dontrushchallenge #COVID19 #StayAtHomeAndStaySafe #SundayMotivation #UltimateLoveFinale #DoubleChris #CoronaLessons #lockdown #norushchallenge","['smartphone', 'samsung', 'mbuhari', 'pmb']"
280,"@business Here is great #smartphone device #samsung 
https://t.co/bYiKEGcqSP #Mbuhari #pmb #CoronaUpdate #WhenCoronaVirusIsOver #dontrushchallenge #COVID19 #StayAtHomeAndStaySafe #SundayMotivation #UltimateLoveFinale #DoubleChris #CoronaLessons #lockdown #norushchallenge","['smartphone', 'samsung', 'mbuhari', 'pmb', 'coronaupdate']"
281,"@HG2films Here is great #smartphone device #samsung 
https://t.co/AqUHtaJ9tO #Mbuhari #pmb #CoronaUpdate #WhenCoronaVirusIsOver #dontrushchallenge #COVID19 #StayAtHomeAndStaySafe #SundayMotivation #UltimateLoveFinale #DoubleChris #CoronaLessons #lockdown #norushchallenge","['smartphone', 'samsung', 'mbuhari', 'pmb', 'coronaupdate']"
282,"@DONJAZZY Here is great #smartphone device #samsung 
https://t.co/AqUHtaJ9tO #Mbuhari #pmb #CoronaUpdate #WhenCoronaVirusIsOver #dontrushchallenge #COVID19 #StayAtHomeAndStaySafe #SundayMotivation #UltimateLoveFinale #DoubleChris #CoronaLessons #lockdown #norushchallenge","['smartphone', 'samsung', 'mbuhari', 'pmb', 'coronaupdate']"
283,"@OgbeniDipo Here is great #smartphone device #samsung 
https://t.co/bYiKEGcqSP #Mbuhari #pmb #CoronaUpdate #WhenCoronaVirusIsOver #dontrushchallenge #COVID19 #StayAtHomeAndStaySafe #SundayMotivation #UltimateLoveFinale #DoubleChris #CoronaLessons #lockdown #norushchallenge","['smartphone', 'samsung', 'mbuhari', 'pmb', 'coronaupdate']"
284,"@AyoBankole Here is great #smartphone device #samsung 
https://t.co/AqUHtaJ9tO #Mbuhari #pmb #CoronaUpdate #WhenCoronaVirusIsOver #dontrushchallenge #COVID19 #StayAtHomeAndStaySafe #SundayMotivation #UltimateLoveFinale #DoubleChris #CoronaLessons #lockdown #norushchallenge","['smartphone', 'samsung', 'mbuhari', 'pmb', 'coronaupdate']"
285,"@TheNationNews @MBuhari Here is great #smartphone device #samsung 
https://t.co/bYiKEGcqSP #Mbuhari #pmb #CoronaUpdate #WhenCoronaVirusIsOver #dontrushchallenge #COVID19 #StayAtHomeAndStaySafe #SundayMotivation #UltimateLoveFinale #DoubleChris #CoronaLessons #lockdown #norushchallenge","['smartphone', 'samsung', 'mbuhari', 'pmb']"
286,"@thehill Here is great #smartphone device #samsung 
https://t.co/bYiKEGcqSP #Mbuhari #pmb #CoronaUpdate #WhenCoronaVirusIsOver #dontrushchallenge #COVID19 #StayAtHomeAndStaySafe #SundayMotivation #UltimateLoveFinale #DoubleChris #CoronaLessons #lockdown #norushchallenge","['smartphone', 'samsung', 'mbuhari', 'pmb', 'coronaupdate']"
287,"@OgbeniDipo Here is great #smartphone device #samsung 
https://t.co/bYiKEGcqSP #Mbuhari #pmb #CoronaUpdate #WhenCoronaVirusIsOver #dontrushchallenge #COVID19 #StayAtHomeAndStaySafe #SundayMotivation #UltimateLoveFinale #DoubleChris #CoronaLessons #lockdown #norushchallenge","['smartphone', 'samsung', 'mbuhari', 'pmb', 'coronaupdate']"
288,"@TheNationNews @MBuhari Here is great #smartphone device #samsung 
https://t.co/bYiKEGcqSP #Mbuhari #pmb #CoronaUpdate #WhenCoronaVirusIsOver #dontrushchallenge #COVID19 #StayAtHomeAndStaySafe #SundayMotivation #UltimateLoveFinale #DoubleChris #CoronaLessons #lockdown #norushchallenge","['smartphone', 'samsung', 'mbuhari', 'pmb']"
289,"@JackPosobiec Here is great #smartphone device #samsung 
https://t.co/bYiKEGcqSP #Mbuhari #pmb #CoronaUpdate #WhenCoronaVirusIsOver #dontrushchallenge #COVID19 #StayAtHomeAndStaySafe #SundayMotivation #UltimateLoveFinale #DoubleChris #CoronaLessons #lockdown #norushchallenge","['smartphone', 'samsung', 'mbuhari', 'pmb', 'coronaupdate']"
290,"@firstladyship Here is great #smartphone device #samsung 
https://t.co/bYiKEGcqSP #Mbuhari #pmb #CoronaUpdate #WhenCoronaVirusIsOver #dontrushchallenge #COVID19 #StayAtHomeAndStaySafe #SundayMotivation #UltimateLoveFinale #DoubleChris #CoronaLessons #lockdown #norushchallenge","['smartphone', 'samsung', 'mbuhari', 'pmb', 'coronaupdate']"
291,"@Malcom__A Here is great #smartphone device #samsung 
https://t.co/bYiKEGcqSP #Mbuhari #pmb #CoronaUpdate #WhenCoronaVirusIsOver #dontrushchallenge #COVID19 #StayAtHomeAndStaySafe #SundayMotivation #UltimateLoveFinale #DoubleChris #CoronaLessons #lockdown #norushchallenge","['smartphone', 'samsung', 'mbuhari', 'pmb', 'coronaupdate']"
292,"@davidadebanjo_ Here is great #smartphone device #samsung 
https://t.co/bYiKEGcqSP #Mbuhari #pmb #CoronaUpdate #WhenCoronaVirusIsOver #dontrushchallenge #COVID19 #StayAtHomeAndStaySafe #SundayMotivation #UltimateLoveFinale #DoubleChris #CoronaLessons #lockdown #norushchallenge","['smartphone', 'samsung', 'mbuhari', 'pmb', 'coronaupdate']"
293,"@redsteeze @IvankaTrump Here is great #smartphone device #samsung 
https://t.co/bYiKEGcqSP #Mbuhari #pmb #CoronaUpdate #WhenCoronaVirusIsOver #dontrushchallenge #COVID19 #StayAtHomeAndStaySafe #SundayMotivation #UltimateLoveFinale #DoubleChris #CoronaLessons #lockdown #norushchallenge","['smartphone', 'samsung', 'mbuhari', 'pmb']"
294,"@business Here is great #smartphone device #samsung 
https://t.co/bYiKEGcqSP #Mbuhari #pmb #CoronaUpdate #WhenCoronaVirusIsOver #dontrushchallenge #COVID19 #StayAtHomeAndStaySafe #SundayMotivation #UltimateLoveFinale #DoubleChris #CoronaLessons #lockdown #norushchallenge","['smartphone', 'samsung', 'mbuhari', 'pmb', 'coronaupdate']"
295,"@HG2films Here is great #smartphone device #samsung 
https://t.co/AqUHtaJ9tO #Mbuhari #pmb #CoronaUpdate #WhenCoronaVirusIsOver #dontrushchallenge #COVID19 #StayAtHomeAndStaySafe #SundayMotivation #UltimateLoveFinale #DoubleChris #CoronaLessons #lockdown #norushchallenge","['smartphone', 'samsung', 'mbuhari', 'pmb', 'coronaupdate']"
296,"@DONJAZZY Here is great #smartphone device #samsung 
https://t.co/AqUHtaJ9tO #Mbuhari #pmb #CoronaUpdate #WhenCoronaVirusIsOver #dontrushchallenge #COVID19 #StayAtHomeAndStaySafe #SundayMotivation #UltimateLoveFinale #DoubleChris #CoronaLessons #lockdown #norushchallenge","['smartphone', 'samsung', 'mbuhari', 'pmb', 'coronaupdate']"
297,"@OgbeniDipo Here is great #smartphone device #samsung 
https://t.co/bYiKEGcqSP #Mbuhari #pmb #CoronaUpdate #WhenCoronaVirusIsOver #dontrushchallenge #COVID19 #StayAtHomeAndStaySafe #SundayMotivation #UltimateLoveFinale #DoubleChris #CoronaLessons #lockdown #norushchallenge","['smartphone', 'samsung', 'mbuhari', 'pmb', 'coronaupdate']"
298,"@AyoBankole Here is great #smartphone device #samsung 
https://t.co/AqUHtaJ9tO #Mbuhari #pmb #CoronaUpdate #WhenCoronaVirusIsOver #dontrushchallenge #COVID19 #StayAtHomeAndStaySafe #SundayMotivation #UltimateLoveFinale #DoubleChris #CoronaLessons #lockdown #norushchallenge","['smartphone', 'samsung', 'mbuhari', 'pmb', 'coronaupdate']"
299,"@TheNationNews @MBuhari Here is great #smartphone device #samsung 
https://t.co/bYiKEGcqSP #Mbuhari #pmb #CoronaUpdate #WhenCoronaVirusIsOver #dontrushchallenge #COVID19 #StayAtHomeAndStaySafe #SundayMotivation #UltimateLoveFinale #DoubleChris #CoronaLessons #lockdown #norushchallenge","['smartphone', 'samsung', 'mbuhari', 'pmb']"
300,"@thehill Here is great #smartphone device #samsung 
https://t.co/bYiKEGcqSP #Mbuhari #pmb #CoronaUpdate #WhenCoronaVirusIsOver #dontrushchallenge #COVID19 #StayAtHomeAndStaySafe #SundayMotivation #UltimateLoveFinale #DoubleChris #CoronaLessons #lockdown #norushchallenge","['smartphone', 'samsung', 'mbuhari', 'pmb', 'coronaupdate']"
301,"@OgbeniDipo Here is great #smartphone device #samsung 
https://t.co/bYiKEGcqSP #Mbuhari #pmb #CoronaUpdate #WhenCoronaVirusIsOver #dontrushchallenge #COVID19 #StayAtHomeAndStaySafe #SundayMotivation #UltimateLoveFinale #DoubleChris #CoronaLessons #lockdown #norushchallenge","['smartphone', 'samsung', 'mbuhari', 'pmb', 'coronaupdate']"
302,"@TheNationNews @MBuhari Here is great #smartphone device #samsung 
https://t.co/bYiKEGcqSP #Mbuhari #pmb #CoronaUpdate #WhenCoronaVirusIsOver #dontrushchallenge #COVID19 #StayAtHomeAndStaySafe #SundayMotivation #UltimateLoveFinale #DoubleChris #CoronaLessons #lockdown #norushchallenge","['smartphone', 'samsung', 'mbuhari', 'pmb']"
303,"@JackPosobiec Here is great #smartphone device #samsung 
https://t.co/bYiKEGcqSP #Mbuhari #pmb #CoronaUpdate #WhenCoronaVirusIsOver #dontrushchallenge #COVID19 #StayAtHomeAndStaySafe #SundayMotivation #UltimateLoveFinale #DoubleChris #CoronaLessons #lockdown #norushchallenge","['smartphone', 'samsung', 'mbuhari', 'pmb', 'coronaupdate']"
